"c"	"up"	"dw"
1	3961	5961
1	18703	20703
1	110644	112644
1	112644	114644
1	112703	114703
1	113453	115453
1	140644	142644
1	336644	338644
1	359961	361961
1	361961	363961
1	456283	458283
1	484283	486283
1	671961	673961
1	882703	884703
1	915453	917453
1	1002283	1004283
1	1004283	1006283
1	1032703	1034703
1	1054644	1056644
1	1315961	1317961
1	1317961	1319961
1	1411184	1413184
1	1413184	1415184
1	1456283	1458283
1	1488644	1490644
1	1580703	1582703
1	1634644	1636644
1	1636644	1638644
1	1702283	1704283
1	2708283	2710283
1	2712703	2714703
1	2714703	2716703
1	2758283	2760283
1	2779961	2781961
1	2837961	2839961
1	3033074	3035074
1	3233961	3235961
1	3307961	3309961
1	3309961	3311961
1	3311961	3313961
1	3313961	3315961
1	3315961	3317961
1	3613074	3615074
1	3633961	3635961
1	3711961	3713961
1	4512870	4514870
1	4530870	4532870
1	4629961	4631961
1	4631961	4633961
1	4673961	4675961
1	4917961	4919961
1	4934919	4936919
1	4935268	4937268
1	4943961	4945961
1	5442778	5444778
1	5444778	5446778
1	6120919	6122919
1	6122919	6124919
1	6896919	6898919
1	6900919	6902919
1	7166919	7168919
1	7168919	7170919
1	7780919	7782919
1	7785748	7787748
1	7787748	7789748
1	7794778	7796778
1	7796778	7798778
1	7936778	7938778
1	8567212	8569212
1	8569212	8571212
1	8721268	8723268
1	8728919	8730919
1	9191209	9193209
1	9193209	9195209
1	9195209	9197209
1	9198870	9200870
1	9198876	9200876
1	9200870	9202870
1	9200876	9202876
1	9206876	9208876
1	9208876	9210876
1	9216876	9218876
1	9218876	9220876
1	9220876	9222876
1	9224870	9226870
1	9371657	9373657
1	9384870	9386870
1	9386870	9388870
1	9388870	9390870
1	9507657	9509657
1	9509657	9511657
1	9511657	9513657
1	9515657	9517657
1	9522077	9524077
1	9524077	9526077
1	9571710	9573710
1	9596037	9598037
1	9596077	9598077
1	9596364	9598364
1	9655724	9657724
1	9655891	9657891
1	9657724	9659724
1	9700381	9702381
1	9702381	9704381
1	9714381	9716381
1	9749891	9751891
1	9789891	9791891
1	9793657	9795657
1	9800087	9802087
1	9800364	9802364
1	9802087	9804087
1	9804870	9806870
1	9804876	9806876
1	9807657	9809657
1	9808778	9810778
1	9809657	9811657
1	9810778	9812778
1	9811657	9813657
1	9812778	9814778
1	9816919	9818919
1	9841748	9843748
1	9842876	9844876
1	9843209	9845209
1	9843748	9845748
1	9844876	9846876
1	9845209	9847209
1	9845748	9847748
1	10172037	10174037
1	10172077	10174077
1	10174037	10176037
1	10174077	10176077
1	10672381	10674381
1	10674381	10676381
1	10836300	10838300
1	11496077	11498077
1	11498077	11500077
1	11538364	11540364
1	11540364	11542364
1	11625865	11627865
1	11717891	11719891
1	11886087	11888087
1	11888087	11890087
1	12226381	12228381
1	12253865	12255865
1	12255865	12257865
1	12717710	12719710
1	12763891	12765891
1	12812300	12814300
1	12814300	12816300
1	12835865	12837865
1	12837865	12839865
1	12875891	12877891
1	13047891	13049891
1	13883865	13885865
1	13894381	13896381
1	13896381	13898381
1	13914381	13916381
1	13916381	13918381
1	14018381	14020381
1	14048381	14050381
1	14628933	14630933
1	14630933	14632933
1	14632933	14634933
1	14656532	14658532
1	15780532	15782532
1	15782532	15784532
1	15997871	15999871
1	16015072	16017072
1	16021072	16023072
1	16146532	16148532
1	17756580	17758580
1	17882532	17884532
1	17904532	17906532
1	17915045	17917045
1	17917045	17919045
1	17918933	17920933
1	17919045	17921045
1	18626588	18628588
1	18627871	18629871
1	18628588	18630588
1	18629871	18631871
1	18631871	18633871
1	18720532	18722532
1	18722532	18724532
1	18724532	18726532
1	18726532	18728532
1	18894829	18896829
1	18896829	18898829
1	19528829	19530829
1	19534928	19536928
1	19536928	19538928
1	19696532	19698532
1	22294572	22296572
1	22742554	22744554
1	22744554	22746554
1	23420554	23422554
1	23968554	23970554
1	23970554	23972554
1	23990554	23992554
1	23992554	23994554
1	23994554	23996554
1	24502774	24504774
1	24504774	24506774
1	24990661	24992661
1	24992661	24994661
1	24994661	24996661
1	26316778	26318778
1	26450453	26452453
1	27176453	27178453
1	27178453	27180453
1	27488774	27490774
1	27490774	27492774
1	27640661	27642661
1	28290774	28292774
1	28292774	28294774
1	28494453	28496453
1	28612778	28614778
1	28770661	28772661
1	30609750	30611750
1	30646136	30648136
1	30648136	30650136
1	30650136	30652136
1	30774508	30776508
1	30774540	30776540
1	30774680	30776680
1	30776445	30778445
1	30776508	30778508
1	30776540	30778540
1	30776680	30778680
1	30887827	30889827
1	31036136	31038136
1	31038136	31040136
1	31040136	31042136
1	31678676	31680676
1	31680676	31682676
1	31716676	31718676
1	31768136	31770136
1	31770136	31772136
1	31975184	31977184
1	31976651	31978651
1	32546508	32548508
1	32548508	32550508
1	32779827	32781827
1	33494680	33496680
1	33496680	33498680
1	34107366	34109366
1	34109366	34111366
1	34166136	34168136
1	34168136	34170136
1	34818651	34820651
1	34858651	34860651
1	34860651	34862651
1	37498499	37500499
1	37500499	37502499
1	37552794	37554794
1	37767413	37769413
1	37768802	37770802
1	38224739	38226739
1	38226739	38228739
1	39513768	39515768
1	39515768	39517768
1	39522109	39524109
1	39524109	39526109
1	39821769	39823769
1	39823769	39825769
1	40195769	40197769
1	40199769	40201769
1	40235769	40237769
1	40237769	40239769
1	40385483	40387483
1	40806315	40808315
1	41161492	41163492
1	41161769	41163769
1	41163492	41165492
1	41163769	41165769
1	41165492	41167492
1	41171492	41173492
1	42041483	42043483
1	42043483	42045483
1	43238315	43240315
1	44032312	44034312
1	44214315	44216315
1	44216315	44218315
1	44592371	44594371
1	44594371	44596371
1	44648371	44650371
1	45004371	45006371
1	45692371	45694371
2	144988	146988
2	282963	284963
2	284963	286963
2	285943	287943
2	286963	288963
2	348064	350064
2	350064	352064
2	352699	354699
2	576963	578963
2	694064	696064
2	694699	696699
2	694962	696962
2	696699	698699
2	698699	700699
2	718699	720699
2	718791	720791
2	720699	722699
2	720791	722791
2	722791	724791
2	724791	726791
2	881156	883156
2	1062699	1064699
2	1064699	1066699
2	1094699	1096699
2	1100699	1102699
2	1102699	1104699
2	1104699	1106699
2	1136403	1138403
2	1233355	1235355
2	1249156	1251156
2	1251145	1253145
2	1251156	1253156
2	1325145	1327145
2	1325156	1327156
2	1365550	1367550
2	1383471	1385471
2	1385471	1387471
2	1489156	1491156
2	1491156	1493156
2	1522125	1524125
2	1537156	1539156
2	1549550	1551550
2	1550125	1552125
2	1611471	1613471
2	2151471	2153471
2	2244854	2246854
2	2246854	2248854
2	2248854	2250854
2	2382699	2384699
2	2745471	2747471
2	2869156	2871156
2	2871156	2873156
2	2881156	2883156
2	2941943	2943943
2	3239471	3241471
2	3241471	3243471
2	3699471	3701471
2	3803943	3805943
2	3807943	3809943
2	3909471	3911471
2	3911471	3913471
2	3929471	3931471
2	3931471	3933471
2	3933471	3935471
2	4002699	4004699
2	4002791	4004791
2	4004699	4006699
2	4004791	4006791
2	4053471	4055471
2	4055471	4057471
2	4057471	4059471
2	4059471	4061471
2	4073471	4075471
2	4079471	4081471
2	4081471	4083471
2	4083471	4085471
2	4085471	4087471
2	4087471	4089471
2	4104699	4106699
2	4106699	4108699
2	4111471	4113471
2	4166854	4168854
2	4168854	4170854
2	4213471	4215471
2	4215471	4217471
2	4217471	4219471
2	4488988	4490988
2	4490988	4492988
2	4583471	4585471
2	4683116	4685116
2	4687116	4689116
2	4689116	4691116
2	5294629	5296629
2	5296629	5298629
2	5405116	5407116
2	5409116	5411116
2	5411116	5413116
2	5463116	5465116
2	5465116	5467116
2	5473116	5475116
2	5475116	5477116
2	5868629	5870629
2	6059116	6061116
2	6105116	6107116
2	6109116	6111116
2	6111116	6113116
2	6212924	6214924
2	6214924	6216924
2	6222537	6224537
2	6230537	6232537
2	6673746	6675746
2	7044903	7046903
2	7281116	7283116
2	7283116	7285116
2	7290852	7292852
2	7292852	7294852
2	7295116	7297116
2	7297116	7299116
2	7299116	7301116
2	7301116	7303116
2	7303116	7305116
2	7307116	7309116
2	7309116	7311116
2	7311116	7313116
2	7325116	7327116
2	7327116	7329116
2	7329116	7331116
2	7389116	7391116
2	7391116	7393116
2	7393116	7395116
2	7743116	7745116
2	7745116	7747116
2	7747116	7749116
2	7749116	7751116
2	7751116	7753116
2	7753116	7755116
2	7755116	7757116
2	7790647	7792647
2	7792647	7794647
2	7927116	7929116
2	7962591	7964591
2	7988647	7990647
2	7990647	7992647
2	8003116	8005116
2	8097116	8099116
2	8523116	8525116
2	8525116	8527116
2	8576629	8578629
2	9045465	9047465
2	9047465	9049465
2	9243116	9245116
2	9538480	9540480
2	9585027	9587027
2	9598163	9600163
2	9600163	9602163
2	10166197	10168197
2	11039673	11041673
2	11041673	11043673
2	11059673	11061673
2	11210959	11212959
2	11212959	11214959
2	11235595	11237595
2	11235769	11237769
2	11313027	11315027
2	11315027	11317027
2	11320427	11322427
2	11322427	11324427
2	11341673	11343673
2	11343673	11345673
2	11345555	11347555
2	11345673	11347673
2	11345857	11347857
2	11347555	11349555
2	11347673	11349673
2	11347857	11349857
2	11493673	11495673
2	11495673	11497673
2	11497673	11499673
2	11547027	11549027
2	11851027	11853027
2	11853027	11855027
2	11855027	11857027
2	12234624	12236624
2	12235769	12237769
2	12236624	12238624
2	12237769	12239769
2	12238624	12240624
2	12240624	12242624
2	12351673	12353673
2	12353673	12355673
2	12721027	12723027
2	12723027	12725027
2	12725027	12727027
2	12841595	12843595
2	12843595	12845595
2	12907027	12909027
2	12938959	12940959
2	12940959	12942959
2	13081027	13083027
2	13097769	13099769
2	13099769	13101769
2	13117769	13119769
2	13329027	13331027
2	13431027	13433027
2	13439027	13441027
2	13441027	13443027
2	13443027	13445027
2	13457027	13459027
2	13459027	13461027
2	13471027	13473027
2	13478695	13480695
2	13480695	13482695
2	13482695	13484695
2	13483857	13485857
2	13484695	13486695
2	13625027	13627027
2	13627027	13629027
2	14115027	14117027
2	14117027	14119027
2	14334197	14336197
2	14517769	14519769
2	14518163	14520163
2	14519769	14521769
2	14520163	14522163
2	14522163	14524163
2	14524163	14526163
2	14643791	14645791
2	14644223	14646223
2	14659027	14661027
2	14675673	14677673
2	14677673	14679673
2	14679673	14681673
2	14689027	14691027
2	14691027	14693027
2	14751880	14753880
2	14829027	14831027
2	14831027	14833027
2	14833027	14835027
2	14893857	14895857
2	14895857	14897857
2	14929027	14931027
2	15136050	15138050
2	15138050	15140050
2	15142050	15144050
2	15144050	15146050
2	15176050	15178050
2	15536050	15538050
2	15538050	15540050
2	15575880	15577880
2	15595882	15597882
2	15597882	15599882
2	15609774	15611774
2	15611774	15613774
2	15613774	15615774
2	16204050	16206050
2	16923880	16925880
2	16991017	16993017
2	17059771	17061771
2	17059811	17061811
2	17083017	17085017
2	17085017	17087017
2	17226146	17228146
2	17228146	17230146
2	17524050	17526050
2	17645929	17647929
2	17710050	17712050
2	17788050	17790050
2	17987929	17989929
2	18024050	18026050
2	18038050	18040050
2	18040050	18042050
2	18159012	18161012
2	18275811	18277811
2	18358050	18360050
2	18360050	18362050
2	18718050	18720050
2	19298050	19300050
2	19303774	19305774
2	19305774	19307774
2	19405771	19407771
2	19405811	19407811
2	19455811	19457811
2	19533744	19535744
2	19535744	19537744
2	19537744	19539744
2	19636050	19638050
2	19638050	19640050
2	19741744	19743744
2	19743744	19745744
2	19883128	19885128
2	19901744	19903744
2	19903744	19905744
2	19969128	19971128
2	20355886	20357886
2	20385835	20387835
2	20387835	20389835
2	20397973	20399973
2	20439128	20441128
2	20463128	20465128
2	20469835	20471835
2	20471835	20473835
2	20791128	20793128
2	20793128	20795128
2	20817128	20819128
2	21795973	21797973
2	21807988	21809988
2	21865511	21867511
2	21873890	21875890
2	21875886	21877886
2	21875890	21877890
2	21951511	21953511
2	21951973	21953973
2	21953511	21955511
2	21953973	21955973
2	21955511	21957511
2	21955973	21957973
2	22211128	22213128
2	22213128	22215128
2	22243128	22245128
2	22243383	22245383
2	22245128	22247128
2	22247125	22249125
2	22255886	22257886
2	22313128	22315128
2	22315988	22317988
2	22359128	22361128
2	22361128	22363128
2	22377381	22379381
2	22393790	22395790
2	22395790	22397790
2	22409790	22411790
2	22611511	22613511
2	23339973	23341973
2	23467128	23469128
2	23468424	23470424
2	23469128	23471128
2	23841128	23843128
2	23843128	23845128
2	24013128	24015128
2	24015128	24017128
2	24205387	24207387
2	24221128	24223128
2	24223128	24225128
2	24335988	24337988
2	24502445	24504445
2	24504445	24506445
2	24506445	24508445
2	24537890	24539890
2	24634445	24636445
2	24636445	24638445
2	24664828	24666828
2	24794479	24796479
2	24796479	24798479
2	24822479	24824479
2	24833381	24835381
2	24834828	24836828
2	24836828	24838828
2	24837381	24839381
2	24837973	24839973
2	24901383	24903383
2	24903383	24905383
2	24905383	24907383
2	25102846	25104846
2	25252445	25254445
2	25254445	25256445
2	25290139	25292139
2	25364139	25366139
2	25408806	25410806
2	25424479	25426479
2	25458828	25460828
2	25537181	25539181
2	25542846	25544846
2	25856445	25858445
2	25858445	25860445
2	25870413	25872413
2	25870828	25872828
2	25896445	25898445
2	26084479	26086479
2	26086479	26088479
2	26324806	26326806
2	26345181	26347181
2	26347518	26349518
2	26606445	26608445
2	26622806	26624806
2	26624806	26626806
2	26642806	26644806
2	26644806	26646806
2	26708139	26710139
2	27320479	27322479
2	27346806	27348806
2	27348806	27350806
2	27904445	27906445
2	27920828	27922828
2	27924828	27926828
2	28048846	28050846
2	28050846	28052846
2	28236445	28238445
2	28238445	28240445
2	28282445	28284445
2	28284445	28286445
2	28410445	28412445
2	28520445	28522445
2	28602445	28604445
2	28902139	28904139
2	28940479	28942479
2	28942479	28944479
2	30241000	30243000
2	30243000	30245000
2	30277000	30279000
2	31278234	31280234
2	31279497	31281497
2	31280138	31282138
2	31280234	31282234
2	31280303	31282303
2	31415796	31417796
2	31421989	31423989
2	31423989	31425989
2	31890921	31892921
2	31892921	31894921
2	31981497	31983497
2	31983497	31985497
2	31985497	31987497
2	32041497	32043497
2	32043497	32045497
2	32766800	32768800
2	32887402	32889402
2	32901497	32903497
2	32926921	32928921
2	32927989	32929989
2	32928921	32930921
2	32982234	32984234
2	32982787	32984787
2	32984787	32986787
2	33034138	33036138
2	33570234	33572234
2	33737402	33739402
2	33739402	33741402
2	33763402	33765402
2	33765402	33767402
2	34208787	34210787
2	34332614	34334614
2	34332787	34334787
2	34334787	34336787
2	34526752	34528752
2	34696234	34698234
2	34852614	34854614
2	35046752	35048752
2	35645005	35647005
2	36151005	36153005
2	36153005	36155005
2	36155005	36157005
2	36313053	36315053
2	36315053	36317053
2	36367053	36369053
2	36594140	36596140
2	36596140	36598140
2	36660140	36662140
2	36662140	36664140
2	36683053	36685053
2	36685053	36687053
2	36725539	36727539
2	36727539	36729539
2	37185074	37187074
2	37275074	37277074
2	37277074	37279074
2	38893752	38895752
2	38895752	38897752
2	39079383	39081383
2	39081383	39083383
2	39273528	39275528
2	39275528	39277528
2	39829052	39831052
2	39831052	39833052
2	40495053	40497053
2	40497053	40499053
2	41225053	41227053
2	41227053	41229053
2	41592019	41594019
2	41594019	41596019
2	42495052	42497052
2	42495076	42497076
2	42497052	42499052
2	42497076	42499076
2	42499052	42501052
2	42499076	42501076
2	42501052	42503052
2	42501076	42503076
2	42585053	42587053
2	42587053	42589053
2	42723053	42725053
2	42725053	42727053
2	43191076	43193076
2	43193076	43195076
2	43415053	43417053
2	43417053	43419053
2	43419052	43421052
2	43419053	43421053
2	43421052	43423052
2	43421053	43423053
2	43423052	43425052
2	43706594	43708594
2	43758223	43760223
2	43760223	43762223
2	43770202	43772202
2	43782567	43784567
2	44715044	44717044
2	44717044	44719044
2	44762086	44764086
2	45170083	45172083
2	45499044	45501044
2	45501044	45503044
2	45808748	45810748
2	45810748	45812748
2	46571522	46573522
2	46573522	46575522
2	46575522	46577522
3	150823	152823
3	152823	154823
3	262477	264477
3	263962	265962
3	264477	266477
3	265850	267850
3	332823	334823
3	333850	335850
3	335850	337850
3	377962	379962
3	379962	381962
3	390823	392823
3	420477	422477
3	420633	422633
3	422633	424633
3	456823	458823
3	458823	460823
3	558828	560828
3	637962	639962
3	685962	687962
3	794823	796823
3	796823	798823
3	990823	992823
3	1017539	1019539
3	1080205	1082205
3	1082205	1084205
3	1214823	1216823
3	1216823	1218823
3	1235850	1237850
3	1332844	1334844
3	1334844	1336844
3	1466828	1468828
3	1468828	1470828
3	1470828	1472828
3	1486823	1488823
3	1590823	1592823
3	1592823	1594823
3	2134823	2136823
3	2321539	2323539
3	2323539	2325539
3	2910522	2912522
3	3194823	3196823
3	3196823	3198823
3	3381850	3383850
3	3382697	3384697
3	3383850	3385850
3	3384838	3386838
3	3386838	3388838
3	3464823	3466823
3	3594697	3596697
3	4234828	4236828
3	5028149	5030149
3	5030149	5032149
3	5166149	5168149
3	5645217	5647217
3	5675217	5677217
3	5801217	5803217
3	5825217	5827217
3	5827217	5829217
3	5829217	5831217
3	5883217	5885217
3	5908149	5910149
3	6322547	6324547
3	6781217	6783217
3	6920798	6922798
3	6953217	6955217
3	6955217	6957217
3	6957217	6959217
3	6970798	6972798
3	7546105	7548105
3	7615217	7617217
3	7617217	7619217
3	7619217	7621217
3	8060134	8062134
3	8684702	8686702
3	8686702	8688702
3	9326702	9328702
3	9474648	9476648
3	9508648	9510648
3	9833217	9835217
3	9835217	9837217
3	9955217	9957217
3	9957217	9959217
3	9959217	9961217
3	10406632	10408632
3	10947395	10949395
3	10969354	10971354
3	10971354	10973354
3	10973354	10975354
3	11013390	11015390
3	11063390	11065390
3	11074902	11076902
3	11092902	11094902
3	11094902	11096902
3	11096902	11098902
3	11817651	11819651
3	12162731	12164731
3	12164902	12166902
3	12166902	12168902
3	12183457	12185457
3	12535424	12537424
3	12537424	12539424
3	12539424	12541424
3	12934632	12936632
3	13755395	13757395
3	14611513	14613513
3	14613513	14615513
3	14615513	14617513
3	14677354	14679354
3	14679513	14681513
3	14681513	14683513
3	15427537	15429537
3	16394524	16396524
3	18920597	18922597
3	19029537	19031537
3	19689338	19691338
3	19824563	19826563
3	20115051	20117051
3	20117051	20119051
3	20320563	20322563
3	20324833	20326833
3	20324844	20326844
3	20326833	20328833
3	20326844	20328844
3	20488633	20490633
3	21704633	21706633
3	21758633	21760633
3	21760633	21762633
3	21970563	21972563
3	23109059	23111059
3	23166710	23168710
3	23168710	23170710
3	23524710	23526710
3	23616620	23618620
3	23617338	23619338
3	23619338	23621338
3	23621056	23623056
3	23621338	23623338
3	24008569	24010569
3	24008581	24010581
3	24008710	24010710
3	24017051	24019051
3	24019051	24021051
3	24502436	24504436
3	24588633	24590633
3	25280427	25282427
3	25282427	25284427
3	25413297	25415297
3	25415297	25417297
3	25918521	25920521
3	25922521	25924521
3	25924521	25926521
3	25960427	25962427
3	25962427	25964427
3	25982427	25984427
3	26042427	26044427
3	26054427	26056427
3	26188427	26190427
3	27549680	27551680
3	27553680	27555680
3	27555680	27557680
3	27888427	27890427
3	28370427	28372427
3	28372427	28374427
3	28374427	28376427
3	29103251	29105251
3	29532291	29534291
3	29538291	29540291
3	29836427	29838427
3	29838427	29840427
3	30334503	30336503
3	30336503	30338503
3	30346503	30348503
3	30576481	30578481
3	30578481	30580481
3	30659129	30661129
3	30671129	30673129
3	30673129	30675129
3	30866188	30868188
3	30868188	30870188
3	31598503	31600503
3	31739364	31741364
3	31743364	31745364
3	31745364	31747364
3	32705129	32707129
3	32707087	32709087
3	32708522	32710522
3	33016522	33018522
3	33078481	33080481
3	33105020	33107020
3	33107020	33109020
3	33107129	33109129
3	33107364	33109364
3	33109020	33111020
3	33109129	33111129
3	33109364	33111364
3	33210481	33212481
3	33211087	33213087
3	33218208	33220208
3	33218522	33220522
3	33220522	33222522
3	33222846	33224846
3	33314522	33316522
3	33316522	33318522
3	33362916	33364916
3	33366507	33368507
3	33368507	33370507
3	33479020	33481020
3	33523364	33525364
3	33525364	33527364
3	33527364	33529364
3	33560503	33562503
3	35130068	35132068
3	35542681	35544681
3	35544681	35546681
3	36925271	36927271
3	37294802	37296802
3	38439269	38441269
3	38814668	38816668
3	38816668	38818668
3	38818266	38820266
3	38946669	38948669
3	39513949	39515949
3	39513965	39515965
3	39515949	39517949
3	39515965	39517965
3	39940032	39942032
3	40011963	40013963
3	40013963	40015963
3	40019963	40021963
3	40021963	40023963
3	40055577	40057577
3	40057577	40059577
3	40203789	40205789
3	40248959	40250959
3	40684032	40686032
3	40692032	40694032
3	40888959	40890959
3	41561963	41563963
3	41563963	41565963
3	41896032	41898032
3	41900032	41902032
3	42042032	42044032
3	42044032	42046032
3	42046032	42048032
3	42197963	42199963
3	42199963	42201963
3	42201963	42203963
3	42406032	42408032
4	62833	64833
4	85071	87071
4	87071	89071
4	331836	333836
4	331898	333898
4	382991	384991
4	400998	402998
4	433949	435949
4	435949	437949
4	462857	464857
4	484833	486833
4	579071	581071
4	655949	657949
4	701898	703898
4	724878	726878
4	726878	728878
4	789836	791836
4	789898	791898
4	896998	898998
4	960998	962998
4	961943	963943
4	1037943	1039943
4	1064833	1066833
4	1099943	1101943
4	1144991	1146991
4	1187898	1189898
4	1193898	1195898
4	1195898	1197898
4	1298833	1300833
4	1300833	1302833
4	1442833	1444833
4	1543898	1545898
4	1545898	1547898
4	1697943	1699943
4	2014833	2016833
4	2016833	2018833
4	2018833	2020833
4	2924937	2926937
4	2926937	2928937
4	3027873	3029873
4	3979836	3981836
4	4112833	4114833
4	4531515	4533515
4	4533515	4535515
4	4761377	4763377
4	5135515	5137515
4	5474343	5476343
4	5476343	5478343
4	5478343	5480343
4	5585047	5587047
4	6224287	6226287
4	6224820	6226820
4	6395318	6397318
4	6754820	6756820
4	6755515	6757515
4	7655382	7657382
4	7779515	7781515
4	9780727	9782727
4	9925047	9927047
4	10342314	10344314
4	10616746	10618746
4	10639871	10641871
4	11161465	11163465
4	11163465	11165465
4	11165465	11167465
4	11428746	11430746
4	11913871	11915871
4	11915871	11917871
4	11949144	11951144
4	12163227	12165227
4	12164807	12166807
4	12165227	12167227
4	12254320	12256320
4	12554251	12556251
4	14377465	14379465
4	14417727	14419727
4	14567727	14569727
4	14569727	14571727
4	15164683	15166683
4	17152683	17154683
4	17188349	17190349
4	17235093	17237093
4	17235221	17237221
4	17237093	17239093
4	17539221	17541221
4	18006683	18008683
4	18008683	18010683
4	18036683	18038683
4	18193089	18195089
4	18526410	18528410
4	18528410	18530410
4	18530410	18532410
4	18559089	18561089
4	18559092	18561092
4	18561089	18563089
4	18561092	18563092
4	19186410	19188410
4	19462683	19464683
4	19633700	19635700
4	19650876	19652876
4	20477172	20479172
4	20479172	20481172
4	20481172	20483172
4	20704635	20706635
4	20981172	20983172
4	21825952	21827952
4	21826599	21828599
4	21828599	21830599
4	21880599	21882599
4	22162635	22164635
4	22251172	22253172
4	22617952	22619952
4	22633952	22635952
4	22643952	22645952
4	22661700	22663700
4	22663700	22665700
4	22735172	22737172
4	23011172	23013172
4	23015172	23017172
4	23017172	23019172
4	23019172	23021172
4	23031172	23033172
4	23057700	23059700
4	23093684	23095684
4	23289952	23291952
4	23291952	23293952
4	23337684	23339684
4	23344101	23346101
4	23363684	23365684
4	23715952	23717952
4	23743700	23745700
4	23884101	23886101
4	23884599	23886599
4	23884876	23886876
4	23886101	23888101
4	23886599	23888599
4	24091684	24093684
4	24094101	24096101
4	24103700	24105700
4	24199684	24201684
4	24201684	24203684
4	24203684	24205684
4	24472518	24474518
4	24497684	24499684
4	24505952	24507952
4	24507952	24509952
4	24575700	24577700
4	24777742	24779742
4	24778599	24780599
4	25109292	25111292
4	25215289	25217289
4	25217289	25219289
4	25219289	25221289
4	25219292	25221292
4	25583289	25585289
4	26228988	26230988
4	26689289	26691289
4	26690285	26692285
4	26691289	26693289
4	26692285	26694285
4	26693289	26695289
4	27055036	27057036
4	27059036	27061036
4	27274988	27276988
4	27394988	27396988
4	27469036	27471036
4	27476820	27478820
4	27627036	27629036
4	27629036	27631036
4	27682988	27684988
4	27698820	27700820
4	27700820	27702820
4	28288149	28290149
4	28592945	28594945
4	28594945	28596945
4	28596945	28598945
4	28814988	28816988
4	28816988	28818988
4	28819090	28821090
4	28821090	28823090
4	28837090	28839090
4	28844945	28846945
4	28846945	28848945
4	28980149	28982149
4	29922820	29924820
4	29930149	29932149
4	29973090	29975090
4	31110023	31112023
4	31254477	31256477
4	31275626	31277626
4	31279613	31281613
4	31281613	31283613
4	31333924	31335924
4	31335584	31337584
4	31335626	31337626
4	31335924	31337924
4	31337584	31339584
4	31337626	31339626
4	31347910	31349910
4	31463584	31465584
4	31475910	31477910
4	31477910	31479910
4	31525584	31527584
4	31607910	31609910
4	31778008	31780008
4	31780008	31782008
4	31782008	31784008
4	31782477	31784477
4	31873924	31875924
4	33210023	33212023
4	34517613	34519613
4	34549584	34551584
4	34551584	34553584
4	34551910	34553910
4	34553584	34555584
4	34553910	34555910
4	34615708	34617708
4	34617708	34619708
4	34619708	34621708
4	34701282	34703282
4	34703282	34705282
4	34774634	34776634
4	34780625	34782625
4	34781502	34783502
4	35160625	35162625
4	35198625	35200625
4	35747639	35749639
4	36358634	36360634
4	36479502	36481502
4	37116943	37118943
4	37553931	37555931
4	38197931	38199931
4	38759708	38761708
4	39682228	39684228
4	39684362	39686362
4	39684622	39686622
4	39688658	39690658
4	39696228	39698228
4	39724621	39726621
4	39726626	39728626
4	39726781	39728781
4	39727049	39729049
4	39742622	39744622
4	39756622	39758622
4	39772362	39774362
4	39774228	39776228
4	39786622	39788622
4	39788598	39790598
4	39790598	39792598
4	39806598	39808598
4	39813430	39815430
4	39815430	39817430
4	40318621	40320621
4	40318626	40320626
4	40350626	40352626
4	40558228	40560228
4	40834621	40836621
4	40996781	40998781
4	40999131	41001131
4	41039131	41041131
4	41206598	41208598
4	41332598	41334598
4	41744598	41746598
4	42134598	42136598
4	42136598	42138598
4	43212511	43214511
4	43226598	43228598
4	43304511	43306511
4	43306467	43308467
4	43340511	43342511
4	44300598	44302598
4	44310362	44312362
4	44408362	44410362
4	44440598	44442598
4	44442598	44444598
4	44501763	44503763
4	44502007	44504007
4	44502020	44504020
4	44502867	44504867
4	44503763	44505763
4	44504020	44506020
4	44610714	44612714
4	44612714	44614714
4	45054527	45056527
4	45260940	45262940
4	45389802	45391802
4	45391802	45393802
4	45393802	45395802
4	45395802	45397802
4	45688940	45690940
4	45694940	45696940
4	45716940	45718940
4	45718940	45720940
4	45720940	45722940
4	45742940	45744940
4	45744940	45746940
4	45786940	45788940
4	45788940	45790940
4	45817905	45819905
4	45821905	45823905
4	45822223	45824223
4	45868223	45870223
4	46064940	46066940
4	46066940	46068940
4	46117763	46119763
4	46119763	46121763
4	47520223	47522223
4	47522223	47524223
4	47549763	47551763
4	47553763	47555763
4	48517787	48519787
4	49041763	49043763
4	49195764	49197764
4	49229764	49231764
4	49436043	49438043
4	49438043	49440043
4	49439205	49441205
4	49456940	49458940
4	49546584	49548584
4	49752940	49754940
4	49754940	49756940
4	49855076	49857076
4	50173076	50175076
4	50573076	50575076
4	50883076	50885076
4	50887076	50889076
4	51171367	51173367
4	51177751	51179751
4	51265751	51267751
4	51267751	51269751
5	131779	133779
5	153507	155507
5	155507	157507
5	157507	159507
5	261507	263507
5	276534	278534
5	276599	278599
5	278534	280534
5	278599	280599
5	325724	327724
5	390599	392599
5	392599	394599
5	568599	570599
5	661779	663779
5	664599	666599
5	800599	802599
5	802599	804599
5	804599	806599
5	842599	844599
5	843779	845779
5	1035507	1037507
5	1037507	1039507
5	1069006	1071006
5	1071006	1073006
5	1137507	1139507
5	1139507	1141507
5	1211195	1213195
5	1516972	1518972
5	1532534	1534534
5	1534534	1536534
5	1556534	1558534
5	1558534	1560534
5	1862534	1864534
5	1999195	2001195
5	2001195	2003195
5	2477779	2479779
5	2479779	2481779
5	2674534	2676534
5	3562599	3564599
5	3564599	3566599
5	3781779	3783779
5	3783779	3785779
5	3892561	3894561
5	3970599	3972599
5	4822534	4824534
5	4824534	4826534
5	4862061	4864061
5	4889764	4891764
5	4982052	4984052
5	4994052	4996052
5	4996052	4998052
5	6241807	6243807
5	6243807	6245807
5	6245807	6247807
5	6247807	6249807
5	6272052	6274052
5	6280052	6282052
5	6352052	6354052
5	6357946	6359946
5	6358052	6360052
5	6360052	6362052
5	6561606	6563606
5	6563606	6565606
5	6678052	6680052
5	8621882	8623882
5	8623882	8625882
5	8625882	8627882
5	8625925	8627925
5	8627882	8629882
5	8627925	8629925
5	8667801	8669801
5	8667925	8669925
5	10509850	10511850
5	13157850	13159850
5	13167850	13169850
5	13171850	13173850
5	13173850	13175850
5	13175850	13177850
5	13399865	13401865
5	13457865	13459865
5	13485865	13487865
5	13543862	13545862
5	13545862	13547862
5	13547850	13549850
5	13547862	13549862
5	13549850	13551850
5	13549862	13551862
5	13655865	13657865
5	13657865	13659865
5	13659865	13661865
5	13759850	13761850
5	13761850	13763850
5	13971865	13973865
5	13972527	13974527
5	14006535	14008535
5	14008535	14010535
5	14127862	14129862
5	14129862	14131862
5	14157850	14159850
5	14161862	14163862
5	14443850	14445850
5	14536938	14538938
5	14956854	14958854
5	14957188	14959188
5	14957228	14959228
5	14958854	14960854
5	14959188	14961188
5	14959228	14961228
5	14961188	14963188
5	14963188	14965188
5	15372938	15374938
5	15374938	15376938
5	15430938	15432938
5	15503228	15505228
5	15505228	15507228
5	15506854	15508854
5	15507003	15509003
5	15507031	15509031
5	15507228	15509228
5	15508854	15510854
5	15509003	15511003
5	15510899	15512899
5	15511003	15513003
5	15512899	15514899
5	15513003	15515003
5	15519228	15521228
5	15786286	15788286
5	16211228	16213228
5	16213228	16215228
5	16214854	16216854
5	16215228	16217228
5	16216854	16218854
5	16217228	16219228
5	16585228	16587228
5	16852486	16854486
5	16854486	16856486
5	16878486	16880486
5	16880486	16882486
5	17687031	17689031
5	17689031	17691031
5	18009003	18011003
5	18009228	18011228
5	18128486	18130486
5	18130486	18132486
5	18180486	18182486
5	18526646	18528646
5	19061031	19063031
5	19460646	19462646
5	19462646	19464646
5	19789695	19791695
5	20484740	20486740
5	20582476	20584476
5	20804482	20806482
5	20808482	20810482
5	20810482	20812482
5	20880516	20882516
5	21699695	21701695
5	21738476	21740476
5	21740476	21742476
5	22250590	22252590
5	22250611	22252611
5	22252590	22254590
5	22254590	22256590
5	22358516	22360516
5	22360516	22362516
5	22438736	22440736
5	22440736	22442736
5	22442736	22444736
5	22444736	22446736
5	22466846	22468846
5	22562553	22564553
5	22564553	22566553
5	22594553	22596553
5	22954476	22956476
5	22956476	22958476
5	22960476	22962476
5	22962476	22964476
5	22964476	22966476
5	23018736	23020736
5	23022736	23024736
5	23108476	23110476
5	23562516	23564516
5	23564516	23566516
5	23633695	23635695
5	23635695	23637695
5	23763454	23765454
5	23765454	23767454
5	23799454	23801454
5	23801454	23803454
5	23836846	23838846
5	23838846	23840846
5	23839454	23841454
5	23840740	23842740
5	23840846	23842846
5	23841454	23843454
5	23842736	23844736
5	23866553	23868553
5	24316802	24318802
5	24318802	24320802
5	24533454	24535454
5	24535454	24537454
5	24852482	24854482
5	24852856	24854856
5	24891454	24893454
5	24893454	24895454
5	24894611	24896611
5	24894846	24896846
5	24895454	24897454
5	24896846	24898846
5	24897454	24899454
5	24920516	24922516
5	25069668	25071668
5	25107940	25109940
5	25109940	25111940
5	25217900	25219900
5	25275933	25277933
5	25417933	25419933
5	25419933	25421933
5	25421940	25423940
5	25423940	25425940
5	25425940	25427940
5	25427772	25429772
5	25459772	25461772
5	25461772	25463772
5	26689537	26691537
5	26689940	26691940
5	26691537	26693537
5	26717890	26719890
5	26801933	26803933
5	26803933	26805933
5	26853933	26855933
5	26855933	26857933
5	26861933	26863933
5	26863933	26865933
5	27052134	27054134
5	27065828	27067828
5	27065940	27067940
5	27175691	27177691
5	27327933	27329933
5	27376075	27378075
5	27378075	27380075
5	27380075	27382075
5	27391890	27393890
5	27393890	27395890
5	27441857	27443857
5	27443857	27445857
5	27447857	27449857
5	27465668	27467668
5	27467539	27469539
5	27467668	27469668
5	27519976	27521976
5	27529775	27531775
5	27579775	27581775
5	27581775	27583775
5	27603539	27605539
5	27605539	27607539
5	28025828	28027828
5	28051657	28053657
5	28053657	28055657
5	28055828	28057828
5	28055940	28057940
5	28665976	28667976
5	28667976	28669976
5	28669668	28671668
5	28671668	28673668
5	29023668	29025668
5	29025668	29027668
5	29113900	29115900
5	29119691	29121691
5	29120114	29122114
5	29355668	29357668
5	29899241	29901241
5	29901241	29903241
5	30247602	30249602
5	30249602	30251602
5	30251602	30253602
5	30255602	30257602
5	30257602	30259602
5	30752926	30754926
5	30753422	30755422
5	30755422	30757422
5	30763054	30765054
5	30765054	30767054
5	30777422	30779422
5	30961602	30963602
5	30965602	30967602
5	30967602	30969602
5	31245048	31247048
5	31247048	31249048
5	31301048	31303048
5	31303048	31305048
5	31305048	31307048
5	32333602	32335602
5	32335602	32337602
5	33251048	33253048
5	33459241	33461241
5	33461241	33463241
5	33687054	33689054
5	34307602	34309602
5	34309602	34311602
5	34311602	34313602
5	34333602	34335602
5	34362926	34364926
5	34381602	34383602
5	34383602	34385602
5	34385602	34387602
5	34427602	34429602
5	34429602	34431602
5	34596515	34598515
5	34598515	34600515
5	34909430	34911430
5	37284515	37286515
5	37286515	37288515
5	37457110	37459110
5	37457335	37459335
5	37458515	37460515
5	37459335	37461335
5	37511335	37513335
5	37513335	37515335
5	39847778	39849778
5	39849778	39851778
5	41271778	41273778
5	41273778	41275778
5	41275778	41277778
5	41321778	41323778
5	41322163	41324163
5	41324163	41326163
5	41432165	41434165
5	41433778	41435778
5	41483778	41485778
5	41544103	41546103
5	42614163	42616163
5	42616163	42618163
5	42658163	42660163
5	42680165	42682165
5	42682165	42684165
5	42958163	42960163
5	43084227	43086227
5	43086227	43088227
5	43390099	43392099
5	43919778	43921778
5	45248607	45250607
5	45764607	45766607
5	45765208	45767208
5	45766607	45768607
5	45793208	45795208
5	45821476	45823476
5	45823476	45825476
5	45925460	45927460
5	45927460	45929460
5	46091188	46093188
5	46531188	46533188
5	46541188	46543188
5	46615208	46617208
5	47095844	47097844
5	47201208	47203208
5	47203208	47205208
